unique_id,sample_year,sample_date,stream_name,site_id,taxon_code,length_mm,weight_g,sex,d13C,d13C_fin,d15N,d15N_fin,CN,CN_fin
2016-LR07-CKC-04,2016,8/30/16,Laramie,LR07,CKC,144,34.17,unk,-24.86664,-23.9454744,11.35405,10.9216159,3.537103445,3.537103445
2016-LR07-WHS-27,2017,8/30/16,Laramie,LR07,WHS,81,5.16,unk,-27.31338,-25.925768,8.631668,7.8205589,3.83398294,3.83398294
2016-MB02-LND-19,2016,8/24/16,MedBow,MB02,LND,85,5.8,female,-26.0120789,-24.656446,8.740797,8.2614266,3.271481673,4.073772576
2016-MB02-LND-16,2016,8/24/16,MedBow,MB02,LND,82,4,female,-26.19211,-24.515186,9.293536,7.98351,3.807034068,3.807034068
2016-MB02-LND-20,2016,8/24/16,MedBow,MB02,LND,76,4.69,female,-26.3541687,-25.824868,8.892807,7.9785115,3.411430747,4.428805706
2016-MB02-LND-17,2016,8/24/16,MedBow,MB02,LND,106,11.35,female,-25.7411288,-25.108478,8.290254,8.1072628,3.555826746,3.802178682
2016-MB02-LND-13,2016,8/24/16,MedBow,MB02,LND,110,12.76,female,-25.9665344,-25.4697,8.702288,8.693297,3.265927954,3.753143651
2016-LR07-CKC-05,2016,8/30/16,Laramie,LR07,CKC,110,15.02,unk,-25.55837,-24.448592,11.24518,10.7106916,4.007906971,4.007906971
2016-LR07-WHS-20,2016,8/30/16,Laramie,LR07,WHS,82,5.73,unk,-27.5599,-26.04483,8.608669,8.333405,4.026763699,4.026763699
2016-LR07-WHS-16,2016,8/30/16,Laramie,LR07,WHS,92,10.03,unk,-27.454466,-26.261765,8.481532,8.1604569,3.738123736,3.738123736
2016-LR07-CKC-02,2017,8/30/16,Laramie,LR07,CKC,73,5.7,unk,-25.1066675,-24.03692,9.493446,8.4505926,3.369333469,3.611284759
2016-LR07-CKC-03,2016,8/30/16,Laramie,LR07,CKC,122,22.36,unk,-26.01403,-25.049956,11.078584,11.5644354,3.821580083,3.821580083
2016-LR07-WHS-24,2017,8/30/16,Laramie,LR07,WHS,109,14.85,unk,-27.334803,-26.372755,8.827722,8.4953564,3.790682732,3.790682732
2016-LR07-WHS-25,2017,8/30/16,Laramie,LR07,WHS,117,19.89,unk,-27.3759961,-25.04592,8.434553,7.9605169,3.746391921,3.746391921
2016-MB02-LND-15,2016,8/24/16,MedBow,MB02,LNS,74,3.94,female,-25.2766667,-21.822165,7.784014,6.3972861,3.519531183,3.321994203
2016-LR06-HHC-08,2016,8/30/16,Laramie,LR06,HHC,132,29.88,unk,-26.1760686,-26.0573698,11.924655,11.6336871,3.236245887,4.281713685
2016-LR07-CKC-06,2016,8/30/16,Laramie,LR07,CKC,98,15,unk,-24.124483,-23.0761227,11.50529,11.2146452,3.55851925,3.55851925
2016-LR07-WHS-23,2016,8/30/16,Laramie,LR07,WHS,60,2.83,unk,-27.45029,-24.996479,8.367515,8.2774218,4.069143706,4.069143706
2016-LR07-WHS-18,2017,8/30/16,Laramie,LR07,WHS,80,5.95,unk,-27.61098,-25.996398,8.408097,7.9245277,4.001355321,4.001355321
2016-LR07-WHS-15,2017,8/30/16,Laramie,LR07,WHS,79,5.09,unk,-27.66583,-26.827814,8.274074,8.4223783,4.327754237,4.327754237
2016-LR00-LNS-08,2016,8/27/16,Laramie,LR00,LNS,166,51.99,unk,-24.1603248,-23.8206064,7.630313,7.3062544,3.437035791,3.588735694
2016-LR06-LNS-34,2016,8/30/16,Laramie,LR06,LNS,125,22.98,unk,-27.5736,-26.9491731,11.32272,10.9346172,3.928129451,3.928129451
2016-LR00-LNS-06,2016,8/27/16,Laramie,LR00,LNS,141,15,unk,-25.0156499,-24.155095,7.04232,6.3183556,3.392499849,3.774862994
2016-LR07-WHS-19,2016,8/30/16,Laramie,LR07,WHS,66,2.7,unk,-27.478604,-25.599861,8.964637,8.9322253,3.960125641,3.960125641
2016-LR06-WHS-11,2016,8/30/16,Laramie,LR06,WHS,45,0.84,unk,-27.2975703,-25.9537677,10.23726,10.972621,3.388237256,3.393935702
2016-LR06-CKC-19,2016,8/30/16,Laramie,LR06,CKC,98,10.47,unk,-28.0037,-27.2082121,11.679371,11.6636901,3.655537259,3.655537259
2016-LR06-FHM-43,2017,8/30/16,Laramie,LR06,FHM,63,2.67,unk,-27.9800324,-26.0916996,11.562909,10.5947332,4.054350649,3.98516752
2016-LR06-LNS-40,2016,8/30/16,Laramie,LR06,LNS,127,25.01,unk,-27.362883,-26.5257912,10.9473,10.5535791,4.013591717,4.013591717
2016-LR06-CKC-14,2016,8/30/16,Laramie,LR06,CKC,121,18.36,unk,-27.4687842,-27.02304,11.64426,12.2077445,3.251405896,3.784652145
2016-LR06-FHM-42,2016,8/30/16,Laramie,LR06,FHM,60,2.62,unk,-27.6237848,-25.9261088,11.382144,10.12697607,3.357130736,3.748245525
2016-LR06-FHM-44,2016,8/30/16,Laramie,LR06,FHM,57,1.95,unk,-27.1434056,-25.6635868,11.596865,10.3687406,3.368447974,3.996007407
2016-LR06-CKC-15,2016,8/30/16,Laramie,LR06,CKC,125,23.14,unk,-26.8578849,-26.4929475,12.23319,12.142738,3.271379605,4.008572784
2016-LR06-CKC-16,2016,8/30/16,Laramie,LR06,CKC,107,14.86,unk,-27.3077013,-26.3929872,11.432205,12.102734,3.235195743,3.778523284
2016-LR06-CKC-18,2016,8/30/16,Laramie,LR06,CKC,94,9.81,unk,-27.48135,-26.8958178,11.74421,12.2587496,4.239834607,4.239834607
2016-LR07-WHS-31,2016,8/30/16,Laramie,LR07,WHS,50,1.19,YOY,-25.40704,-23.982434,8.585548,8.2204389,3.335538186,3.501342543
2016-LR06-WHS-13,2016,8/30/16,Laramie,LR06,WHS,56,1.81,unk,-27.618723,-25.8840984,10.81212,10.8286066,3.376071454,3.473135854
2016-LR06-WHS-10,2016,8/30/16,Laramie,LR06,WHS,53,1.69,unk,-27.8000679,-26.2526389,10.354845,11.0676305,3.398207663,3.56975631
2016-LR06-CKC-20,2016,8/30/16,Laramie,LR06,CKC,85,6.88,unk,-27.17441,-26.8766335,11.186367,11.5366774,4.10300989,4.10300989
2016-LR06-WHS-09,2016,8/30/16,Laramie,LR06,WHS,80,8.33,unk,-27.6582339,-26.3990454,11.556825,11.8017039,3.238756335,3.541632638
2016-LR06-CKC-29,2016,8/30/16,Laramie,LR06,CKC,53,1.57,unk,-27.33205,-26.4828505,10.373822,10.2155853,3.938030709,3.938030709
2016-LR02-LND-30,2016,9/1/16,Laramie,LR02,LND,77,3.85,female,-26.6487184,-26.6918584,8.73611,8.2673505,3.210814696,4.028570743
2016-LR02-LND-36,2016,9/1/16,Laramie,LR02,LND,98,8.53,female,-27.1558807,-25.2035606,8.8462,7.5691807,3.273243922,3.789121468
2016-LR02-LND-37,2016,9/1/16,Laramie,LR02,LND,101,10.88,female,-26.4330985,-25.2570747,9.13304,7.8492087,3.275773432,3.573805656
2016-LR02-WHS-48,2016,9/1/16,Laramie,LR02,WHS,116,17.13,unk,-26.225577,-24.4206805,6.67965,6.0963334,3.22775648,3.753471787
2016-LR02-WHS-49,2016,9/1/16,Laramie,LR02,WHS,95,8.17,unk,-25.8793704,-24.2195345,6.56451,5.5612799,3.26051776,3.476942402
2016-LR02-WHS-50,2016,9/1/16,Laramie,LR02,WHS,220,156.31,unk,-26.5049718,-24.1125063,6.73217,5.6462884,3.213900842,3.695523153
2016-MB04-LND-02,2016,8/25/16,MedBow,MB04,LND,89,4.77,female,-28.4954448,-29.53067,11.342366,10.4505952,4.85761219,7.317275455
2016-MB04-LND-04,2016,8/25/16,MedBow,MB04,LND,87,6.45,unk,-29.5993968,-28.37003,11.534207,10.5837016,5.675894268,4.664082885
2016-MB04-LND-05,2016,8/25/16,MedBow,MB04,LND,93,6.92,unk,-28.7840928,-29.3261475,11.686876,10.4095624,4.771985195,6.534004171
2016-MB04-LND-06,2016,8/25/16,MedBow,MB04,LND,86,4.4,unk,-27.5160672,-26.2855125,11.685871,11.2132048,3.574414419,3.839806349
2016-MB04-CKC-01,2016,8/25/16,MedBow,MB04,CKC,96,10.73,male,-27.0116928,-26.4389875,12.009288,10.6127248,3.410790659,3.482834168
2016-MB04-CKC-02,2016,8/25/16,MedBow,MB04,CKC,147,36.43,male,-26.2375472,-25.45175,11.61255,10.9189696,3.31825596,3.844152347
2016-MB04-CKC-03,2016,8/25/16,MedBow,MB04,CKC,133,26.43,male,-26.3635008,-25.4593625,11.846575,11.3200896,3.304527694,3.701033734
2016-MB04-CKC-04,2016,8/25/16,MedBow,MB04,CKC,177,59.67,female,-26.3209632,-26.1038825,12.784685,11.9435488,3.269549338,3.900391831
2016-MB04-CKC-05,2016,8/25/16,MedBow,MB04,CKC,126,26.9,female,-27.1453824,-25.61351,11.717008,11.2762552,3.384667813,3.593207604
2016-MB04-CKC-06,2016,8/25/16,MedBow,MB04,CKC,125,21.7,male,-26.337168,-25.67396,12.23126,10.9610032,3.361771683,3.829701616
2016-MB04-CKC-06,2016,8/25/16,MedBow,MB04,CKC,74,NA,NA,-30.013,-25.67396,10.36,10.9610032,3.97,3.829701616
2016-MB04-CKC-07,2016,8/25/16,MedBow,MB04,CKC,115,17.2,female,-26.0850368,-25.4752025,11.58744,11.597512,3.314147586,3.898490381
2016-MB03-CKC-01,2016,8/25/16,MedBow,MB03,CKC,162,50.13,male,-27.278216,-26.837904,11.51954,10.9806106,3.421900978,3.621167413
2016-MB03-CKC-02,2016,8/25/16,MedBow,MB03,CKC,140,30.35,female,-28.411768,-26.846739,12.635327,11.4204786,3.81484633,3.407230465
2016-MB03-CKC-03,2016,8/25/16,MedBow,MB03,CKC,187,75.05,female,-27.1415825,-25.896507,11.658376,10.7366838,3.356276806,3.364588147
2016-MB03-CKC-04,2016,8/25/16,MedBow,MB03,CKC,89,8.08,YOY,-27.6992496,-26.810661,11.029054,10.5417423,3.638973802,3.659786043
2016-MB03-CKC-05,2016,8/25/16,MedBow,MB03,CKC,123,19.4,male,-27.8976212,-25.97401126,10.999666,11.0365938,3.619798727,3.52381157
2016-MB03-CKC-06,2016,8/25/16,MedBow,MB03,CKC,72,9.16,YOY,-27.1729576,-26.082163,10.827388,10.3208086,3.382415499,3.343886493
2016-MB03-CKC-08,2016,8/25/16,MedBow,MB03,CKC,138,28.37,male,-27.7377094,-26.239567,11.398945,10.8016643,3.700971644,3.609206737
2016-LR02-CKC-01,2016,9/1/16,Laramie,LR02,CKC,121,17.56,male,-25.1370715,-24.0135465,10.55325,9.122336,3.284977876,3.968702869
2016-LR02-CKC-02,2016,9/1/16,Laramie,LR02,CKC,85,5.9,female,-26.9969496,-26.5535295,8.99553,8.5533791,3.304466952,3.996146486
2016-LR02-CKC-04,2016,9/1/16,Laramie,LR02,CKC,81,5.66,female,-27.0141587,-25.06811487,8.77348,7.4652703,3.301306206,4.007405605
2016-LR02-CKC-05,2016,9/1/16,Laramie,LR02,CKC,80,5.41,female,-26.8167602,-26.811003,9.02598,8.0833321,3.283174848,4.316286749
2016-LR02-CKC-06,2016,9/1/16,Laramie,LR02,CKC,81,5.11,female,-26.681112,-24.936998,9.18354,7.8662104,3.28369018,3.652678735
2016-LR02-BNT-19,2016,9/1/16,Laramie,LR02,BNT,70,4.49,YOY,-26.9871858,-26.7574889,6.97967,7.8213059,3.327945683,4.075443831
2016-LR02-BNT-20,2016,9/1/16,Laramie,LR02,CKC,76,3.43,YOY,-26.6517553,-26.4222685,7.90589,7.8273065,3.270569778,3.886631438
2016-LR06-LND-01,2016,8/30/16,Laramie,LR06,LND,111,14.53,unk,-26.74758,-26.6544995,11.92392,11.732697,3.793659651,3.793659651
2016-LR07-CSH-60,2016,8/30/16,Laramie,LR07,CSH,77,3.51,unk,-25.8944268,-25.260837,10.62519,9.9769118,3.287635821,4.005183583
2016-LR06-LND-07,2016,8/30/16,Laramie,LR06,LND,69,3.32,unk,-27.2631249,-27.2310382,11.355825,11.3946632,3.298121408,4.143395799
2016-LR07-RDH-36,2017,8/30/16,Laramie,LR07,RDH,285,311,unk,-26.7854096,-25.220477,9.546367,9.113171,3.464169506,3.52738834
2016-LR06-LND-05,2016,8/30/16,Laramie,LR06,LND,82,5.66,unk,-27.345186,-27.0856414,11.6523,11.6456883,3.347333573,3.686757219
2016-LR07-CSH-63,2016,8/30/16,Laramie,LR07,CSH,104,12.82,unk,-26.0230905,-23.822291,8.8383,8.4535691,4.87481105,3.532047653
2016-LR07-CSH-62,2016,8/30/16,Laramie,LR07,CSH,94,7.62,unk,-25.1791782,-25.405124,10.594035,10.2485302,3.293093244,4.437280668
2016-LR07-CSH-64,2016,8/30/16,Laramie,LR07,CSH,100,9.22,unk,-25.5135012,-24.854372,10.97895,10.3847894,3.266390903,3.551796877
2016-LR07-CSH-61,2016,8/30/16,Laramie,LR07,CSH,110,18.56,unk,-25.5702348,-24.533348,10.90458,10.632715,3.252429249,4.133893812
2016-LR07-CSH-55,2016,8/30/16,Laramie,LR07,CSH,85,5.88,unk,-25.4537283,-24.779544,10.332735,9.8299559,3.274592072,3.87617992
2016-LR07-CSH-57,2016,8/30/16,Laramie,LR07,CSH,83,5.33,unk,-25.5449073,-24.503078,9.773955,10.0588872,3.377955308,3.887600104
2016-LR07-CSH-59,2016,8/30/16,Laramie,LR07,CSH,80,4.77,unk,-25.7181474,-25.381917,10.05234,9.7689742,3.296752871,4.341411577
2016-LR07-CSH-56,2016,8/30/16,Laramie,LR07,CSH,64,4.85,unk,-25.7373963,-25.344584,10.308615,10.1778515,3.297547943,4.071363275
2016-LR07-CSH-58,2016,8/30/16,Laramie,LR07,CSH,78,4.55,unk,-25.4739903,-24.151946,10.30761,10.1148704,3.318019637,3.706193354
2016-LR07-SMB-42,2016,8/30/16,Laramie,LR07,SMB,153,57.23,unk,-25.8437718,-25.637194,11.08146,10.9536187,3.308426433,3.75212006
2016-LR07-SMB-41,2017,8/30/16,Laramie,LR07,SMB,59,3.27,unk,-24.5399121,-24.237711,8.06244,7.9325253,3.407677206,3.891757087
2016-LR07-SMB-47,2016,8/30/16,Laramie,LR07,SMB,60,3.26,unk,-24.7962264,-24.438502,8.98101,8.5873288,3.225763121,3.794607017
2016-LR07-SMB-44,2016,8/30/16,Laramie,LR07,SMB,155,53.8,unk,-25.9146888,-25.646275,12.145755,12.0240874,3.255001697,3.674211188
2016-LR07-SMB-39,2016,8/30/16,Laramie,LR07,SMB,146,48.65,unk,-25.4993178,-25.158928,10.3056,9.7609766,3.256697693,3.749702835
2016-LR07-SMB-48,2016,8/30/16,Laramie,LR07,SMB,61,3.41,unk,-24.6017112,-24.419795,8.23128,7.7495802,3.282722228,3.984719138
2016-MB03-LND-01,2016,8/25/16,MedBow,MB03,JDT,70,3.3,unk,-29.3924929,-31.756779,12.27959,11.3418023,3.79766884,6.211409762
2016-MB03-LND-05,2016,8/25/16,MedBow,MB03,LND,51,1.55,unk,-30.0548585,-30.779058,10.135482,8.9982055,5.244161533,6.578144554
2016-MB03-LND-06,2016,8/25/16,MedBow,MB03,LND,52,1.43,unk,-29.1957554,-28.520916,9.775023,8.9842097,4.827197701,4.901123964
2016-MB03-LND-07,2016,8/25/16,MedBow,MB03,JDT,70,3.39,unk,-28.2872797,-27.845895,11.020947,9.6150204,3.572119196,4.037209044
2016-MB03-WHS-01,2016,8/25/16,MedBow,MB03,WHS,237,137.9,unk,-28.492736,-27.866075,9.94573,9.7359841,3.232835638,3.487157082
2016-MB03-WHS-02,2016,8/25/16,MedBow,MB03,WHS,201,94.2,unk,-27.4229463,-26.731959,10.61356,9.8659451,3.217469862,3.462176294
2016-MB03-WHS-03,2016,8/25/16,MedBow,MB03,WHS,337,428.5,unk,-27.2569619,-26.661329,11.259096,11.3944864,3.206623424,3.420891768
2016-MB03-WHS-04,2016,8/25/16,MedBow,MB03,LNS,90,7.45,unk,-28.8682251,-28.106217,9.809934,8.503354,3.298825967,3.524993516
2016-MB03-WHS-05,2016,8/25/16,MedBow,MB03,WHS,75,4.44,unk,-28.6253211,-27.619879,9.00674,8.8022643,3.293620406,3.456332991
2016-MB03-WHS-06,2016,8/25/16,MedBow,MB03,LNS,88,6.88,unk,-28.8611404,-27.441286,9.293326,9.6240177,3.29534596,3.503329583
2016-MB03-WHS-07,2016,8/25/16,MedBow,MB03,WHS,99,9.22,unk,-27.5332652,-26.871201,9.006308,8.2374338,3.335174859,3.593154403
2016-MB03-WHS-08,2016,8/25/16,MedBow,MB03,WHS,95,8.87,unk,-28.6313937,-27.02401,9.228468,8.3427096,3.303565363,3.436487214
2016-MB03-WHS-09,2016,8/25/16,MedBow,MB03,WHS,301,363,unk,-27.0697234,-26.6441825,10.397706,9.75604,3.206031285,3.461786152
2016-MB04-WHS-01,2016,8/25/16,MedBow,MB04,WHS,111,16.72,unk,-27.1555104,-25.6669075,10.339975,9.215608,3.2917473,3.354426345
2016-MB04-WHS-02,2016,8/25/16,MedBow,MB04,WHS,215,90.45,unk,-28.2604752,-26.8134425,9.682476,8.5899072,3.299953713,3.410933836
2016-MB04-WHS-03,2016,8/25/16,MedBow,MB04,WHS,65,2.6,unk,-27.8812973,-26.33891,8.883363,8.2868656,3.848495063,3.668362812
2016-MB04-WHS-04,2016,8/25/16,MedBow,MB04,WHS,242,169.44,unk,-26.96004,-26.054795,9.711221,9.1485544,3.296788616,3.364481778
2016-MB04-WHS-05,2016,8/25/16,MedBow,MB04,WHS,292,297.77,unk,-27.82092,-27.5730975,10.065152,9.351516,3.394429156,3.447072473
2016-MB04-WHS-06,2016,8/25/16,MedBow,MB04,WHS,47,1.47,unk,-28.5187392,-27.1297975,9.564578,8.4680104,3.504984027,3.539364136
2016-MB04-WHS-07,2016,8/25/16,MedBow,MB04,WHS,54,1.96,unk,-28.2493344,-26.7852325,9.706199,8.48002,3.740384066,3.576757307
2016-MB02-LNS-01,2016,8/24/16,MedBow,MB02,LNS,165,63.82,unk,-25.97877,-24.948919,7.630898,7.2987155,4.121457199,3.934045416
2016-MB02-LNS-02,2016,8/24/16,MedBow,MB02,LNS,230,140.4,unk,-25.1730932,-24.426108,7.644072,7.2100422,3.724850905,3.412252515
2016-MB02-LNS-03,2016,8/24/16,MedBow,MB02,LNS,113,14.96,unk,-25.3330502,-24.295386,7.728218,7.30501502,3.276300879,3.671886398
2017-LR08-FWD-01,2017,8/31/17,Laramie,LR08,FWD,412,NA,NA,-26.367363,-24.437493,14.836262,13.8997346,3.136098501,3.136098501
2017-LR08-FWD-02,2017,8/31/17,Laramie,LR08,FWD,449,NA,NA,-26.237483,-24.416304,15.13466,14.4132804,3.194354775,3.194354775
2017-LR08-FWD-03,2017,8/31/17,Laramie,LR08,FWD,405,NA,NA,-26.688233,-24.68268,14.37374,13.6887979,3.162335042,3.162335042
2016-LR04-WHS-52,2016,8/28/16,Laramie,LR04,WHS,317,NA,unk,-27.5883767,-27.1395181,8.393202,7.2302468,3.436562637,3.612281258
2016-LR04-WHS-51,2016,8/28/16,Laramie,LR04,WHS,279,253.13,unk,-28.5372766,-27.3855223,8.835936,8.9804218,3.317770123,3.699948955
2016-LR04-LNS-102,2016,8/26/16,Laramie,LR04,LNS,119,17.96,unk,-31.4124264,-29.91286615,8.207094,7.3692607,3.666444619,3.497399143
2016-LR04-LNS-101,2016,8/26/16,Laramie,LR04,LNS,111,13.79,unk,-29.5564028,-28.3241463,7.98956,7.1374375,3.538491434,3.549358122
2016-LR05-LNS-99,2016,8/26/16,Laramie,LR05,LNS,161,41.95,unk,-31.0896785,-29.5937587,9.81782,9.3476385,3.615282729,3.818650362
2016-LR05-CKC-67,2016,8/26/16,Laramie,LR05,CKC,157,47.59,unk,-28.362112,-26.8473522,10.64122,10.3735611,3.66530033,3.941190066
2016-LR05-CSH-51,2016,8/26/16,Laramie,LR05,CSH,107,11.9,unk,-28.7304293,-28.184195,11.305458,10.4545692,3.528463254,4.238142195
2016-LR05-FHM-18,2016,8/26/16,Laramie,LR05,FHM,78,4.67,unk,-28.759461,-27.8271582,10.603151,10.702594,3.332961792,3.709975355
2016-LR05-CKC-65,2016,8/26/16,Laramie,LR05,CKC,148,34.95,unk,-28.436741,-26.4202491,10.417818,10.5975835,3.65577523,3.701006034
2016-LR05-CKC-64,2016,8/26/16,Laramie,LR05,CKC,166,54.46,unk,-27.9092955,-26.1971054,11.920518,11.9470184,3.296193317,4.139213486
2016-LR05-CKC-63,2016,8/26/16,Laramie,LR05,CKC,126,20.3,unk,-28.0968765,-25.8911663,10.50798,10.7045942,3.253463357,3.378230156
2016-LR05-CKC-58,2016,8/26/16,Laramie,LR05,CKC,135,26.53,unk,-27.593635,-26.2193188,11.204231,10.1543392,3.325001462,4.003742102
2016-LR05-CKC-55,2016,8/26/16,Laramie,LR05,CKC,165,57.76,unk,-28.136208,-26.9947684,11.177183,11.0276265,3.307996062,3.802247887
2016-LR05-CKC-54,2016,8/26/16,Laramie,LR05,CKC,119,19.51,unk,-27.029352,-25.9184282,11.415791,11.0756313,3.248463544,3.630508809
2016-LR05-WHS-11,2016,8/26/16,Laramie,LR05,WHS,407,NA,unk,-26.761713,-24.8667178,9.906252,10.4985736,3.376807993,3.442748457
2016-LR05-WHS-07,2016,8/26/16,Laramie,LR05,WHS,151,31.81,unk,-26.8517899,-25.5337325,9.967313,10.3285566,3.316404709,3.490108962
2016-LR05-WHS-08,2016,8/26/16,Laramie,LR05,WHS,145,30.13,unk,-27.4178818,-26.6656062,10.391737,10.8646102,3.4012481,3.547356881
2016-LR05-WHS-06,2016,8/26/16,Laramie,LR05,WHS,150,33.8,unk,-27.3527794,-25.3004918,9.145492,9.6864924,3.26957481,3.518473085
2016-LR05-WHS-01,2016,8/26/16,Laramie,LR05,WHS,380,NA,unk,-26.5208332,-25.0177758,10.423769,10.9766214,3.538575005,3.592859166
2016-LR05-LNS-16,2016,8/26/16,Laramie,LR05,LNS,198,90.33,unk,-28.865368,-28.0120127,10.183668,10.0105248,3.663141005,3.561152331
2016-LR05-LNS-14,2016,8/26/16,Laramie,LR05,LNS,205,99.58,unk,-30.736692,-28.9953017,10.862736,10.5565794,4.140763794,3.551476985
2016-LR05-LNS-13,2016,8/26/16,Laramie,LR05,LNS,195,83.36,unk,-31.4740506,-29.982828,8.179524,8.2866524,3.997926959,3.651882867
2016-LR05-LNS-12,2016,8/26/16,Laramie,LR05,LNS,219,131.78,unk,-31.7465008,-30.01144463,8.79883,9.01517389,4.228868191,3.516704467
2016-LR05-CSH-53,2016,8/26/16,Laramie,LR05,CSH,115,15.8,unk,-28.027475,-27.0654474,9.464619,9.4584696,3.461686924,3.840803826
2016-LR08-RDH-67,2016,9/2/16,Laramie,LR08,RDH,301,305,unk,-28.09159,-25.598852,12.49664,11.2295359,3.872776745,3.579119484
2016-LR08-RDH-68,2016,9/2/16,Laramie,LR08,RDH,415,NA,unk,-28.2458752,-25.828549,12.801065,11.6064228,3.538826821,3.651870663
2016-LR08-RDH-69,2016,9/2/16,Laramie,LR08,RDH,432,NA,unk,-28.257976,-26.062992,12.322396,10.7946664,3.353760338,3.648243071
2016-LR08-WHS-66,2016,9/2/16,Laramie,LR08,WHS,334,464,unk,-27.8067091,-27.505015,11.383536,11.3834897,3.282817491,3.655087573
2016-LR08-WHS-65,2016,9/2/16,Laramie,LR08,WHS,324,413,unk,-27.5167904,-26.275044,12.569721,11.8149604,3.275584178,3.696412449
2016-LR08-FWD-70,2016,9/2/16,Laramie,LR08,FWD,432,NA,unk,-27.2132736,-25.794281,15.182394,14.731485,3.226878506,3.247703148
2016-LR08-FWD-71,2016,9/2/16,Laramie,LR08,FWD,380,NA,unk,-27.597474,-25.92953,14.910014,14.2148591,3.521857001,3.269174234
2016-LR00-LNS-07,2016,8/27/16,Laramie,LR00,LNS,155,35.02,unk,-24.16436,-23.523663,7.885338,7.4975225,3.521880388,3.492772
2016-LR06-LNS-33,2016,8/30/16,Laramie,LR06,LNS,116,17.36,unk,-27.0263384,-26.047477,10.802898,10.94836,3.375841654,3.38462
2016-LR02-LND-42,2016,9/1/16,Laramie,LR02,LND,57,1.64,female,-26.028272,-24.4377573,7.692993,6.317377,3.194737,3.27473
2016-LR02-LND-40,2016,9/1/16,Laramie,LR02,LND,69,2.84,male,-26.9849612,-25.32948,8.08943,6.7135366,3.30501924,3.273626
2016-LR02-LND-401,2016,9/1/16,Laramie,LR02,LND,69,2.84,male,-27.0029473,-25.32948,7.54,6.7135366,3.22,3.273626
2016-LR02-LND-41,2016,9/1/16,Laramie,LR02,LND,72,3.37,female,-26.0544788,-23.98483,7.830767,6.128429,3.310364846,3.283727
2016-LR02-LND-44,2016,9/1/16,Laramie,LR02,LND,67,2.44,male,-26.479352,-25.28472,8.551828,7.27372,3.326442199,3.62881
2016-LR02-LND-45,2016,9/1/16,Laramie,LR02,LND,60,2.27,female,-26.2886132,-24.743839,7.561118,6.372727,3.29329032,3.5627291
2016-LR02-LND-46,2016,9/1/16,Laramie,LR02,LND,68,3.23,female,-25.5599708,-23.982736,8.217264,7.238382,3.28423001,3.4823632
2016-LR02-LND-47,2016,9/1/16,Laramie,LR02,LND,62,2,female,-27.0878996,-25.57362,8.302153,7.0128362,3.494303427,3.2947272
2016-LR04-CKC-72,2016,8/28/16,Laramie,LR04,CKC,134,24.39,unk,-29.2113864,-28.249472,9.091559,8.382829,3.525018338,3.4256721
2016-LR04-BMN-82,2016,8/26/16,Laramie,LR04,BMN,62,3.48,unk,-30.740435,-29.472727,8.02002,7.0277628,3.954368929,3.14538
2016-LR04-BMN-83,2016,8/26/16,Laramie,LR04,BMN,62,2.36,unk,-31.841896,-30.6736622,7.559318,6.72827958,4.560621934,3.264925
2016-LR04-BMN-84,2016,8/26/16,Laramie,LR04,BMN,66,3.01,unk,-30.6598537,-29.55535,8.38886,7.47373,3.276156796,3.438514
2016-LR04-BMN-85,2016,8/26/16,Laramie,LR04,BMN,60,2.71,unk,-30.283727,-29.185873,7.89382,6.773782,3.277271,3.42336
2016-MB04-LND-01,2016,8/25/16,MedBow,MB04,LND,93,4.59,female,-27.243624,-27.002635,11.62159,11.02928,3.665090271,3.24869
2016-MB04-LND-03,2016,8/25/16,MedBow,MB04,WHS,81,8.89,male,-28.1743872,-28.17262,9.588684,8.637272,3.548682573,3.62953
2015-LR07-BMN-01,2015,10/9/15,Laramie,LR07,BMN,40,NA,unk,-29.127382,-28.119283,8.89388,7.6726463,3.283772,3.283772
2015-LR07-BMN-02,2015,10/9/15,Laramie,LR07,BMN,42,NA,unk,-29.372793,-28.293983,9.028384,8.01993883,3.477712,3.477712
2015-LR07-BMN-03,2015,10/9/15,Laramie,LR07,BMN,46,NA,unk,-29.58495,-28.419947,9.278848,8.4775757,3.1884884,3.1884884
2015-LR07-BMN-04,2015,10/9/15,Laramie,LR07,BMN,71,NA,unk,-29.76261,-28.488828,9.299488,8.3994881,3.33882,3.33882
2015-LR07-BMN-05,2015,10/9/15,Laramie,LR07,BMN,44,NA,unk,-29.837623,-28.636525,9.417747,8.4301443,3.284746,3.284746
2015-LR07-BMN-06,2015,10/9/15,Laramie,LR07,BMN,56,NA,unk,-29.27736,-28.157376,9.588277,8.5343219,3.489901,3.489901
2015-LR07-FHM-01,2015,10/9/15,Laramie,LR07,FHM,47,NA,unk,-26.5669926,-25.0164652,10.431731,9.326622,4.101994251,3.1366353
2015-LR07-FHM-02,2015,10/9/15,Laramie,LR07,FHM,46,NA,unk,-26.938837,-25.6727749,10.192372,9.382772,3.322773,3.322773
2015-LR07-FHM-03,2015,10/9/15,Laramie,LR07,FHM,49,NA,unk,-26.18827,-24.3552737,9.939372,9.1128746,3.2983772,3.2983772
2016-LR08-RDH-22,2016,9/2/16,Laramie,LR08,RDH,210,117.66,unk,-27.990815,-25.5653258,12.488673,11.0408995,3.555621152,3.936363181
2016-LR07-CKC-09,2017,8/30/16,Laramie,LR07,CKC,76,10,unk,-25.1936909,-24.2240906,10.880363,10.262734,3.272777599,3.780113117
2016-LR06-CKC-22,2016,8/30/16,Laramie,LR06,CKC,81,5.43,unk,-27.1300704,-26.6153421,11.950581,11.516612,3.282245735,3.977246939
2016-LR05-CKC-68,2016,8/30/16,Laramie,LR05,CKC,82,5.55,unk,-27.0677156,-26.6153421,11.744672,11.516612,3.344281734,3.977246939
2016-LR02-LND-32,2016,9/1/16,Laramie,LR02,LND,48,4.94,female,-26.3471468,-26.2007911,8.141363,7.564693,3.367341041,3.950899651
2016-LR02-LND-33,2016,9/1/16,Laramie,LR02,LND,71,3.27,female,-26.514674,-25.4778546,8.800505,7.6277875,3.27659521,3.84229236
2016-LR02-LND-35,2016,9/1/16,Laramie,LR02,LND,87,6.74,female,-26.3037512,-25.9925045,8.142361,7.5897305,3.264873668,4.021341646
2016-LR02-LND-38,2016,9/1/16,Laramie,LR02,LND,65,2.97,female,-26.330092,-25.9753158,8.183066,7.3073075,3.278300646,4.058995784
2016-LR02-LND-39,2016,9/1/16,Laramie,LR02,LND,72,3.58,female,-25.8263996,-24.976349,7.772842,6.879667,3.327930383,3.940608086
2016-LR02-LND-391,2016,9/1/16,Laramie,LR02,LND,68,3.58,female,-26.8,-24.976349,7.63,6.879667,3.42,3.940608086
2016-LR03-LND-13,2016,9/1/16,Laramie,LR03,LND,73,3.67,NA,-25.88622,-24.976349,7.818629,6.879667,3.327164795,3.940608086
2016-LR02-CKC-03,2016,9/1/16,Laramie,LR02,CKC,84,5.36,female,-26.5933888,-26.2210131,8.654631,8.2006455,3.292283964,3.986908282
2016-LR07-RDH-38,2016,8/30/16,Laramie,LR07,RDH,186,73.28,unk,-25.7249384,-24.88535,8.777522,8.259734,3.211661368,3.634549781
2016-LR07-RDH-35,2016,8/30/16,Laramie,LR07,RDH,285,310,unk,-26.6720752,-25.3878667,9.548702,8.692382,3.392418981,3.573722953
2016-LR07-RDH-37,2016,8/30/16,Laramie,LR07,RDH,235,178.51,unk,-26.7489812,-25.2564237,9.168934,8.562187,3.247554983,3.708442176
2016-LR04-CKC-71,2016,8/28/16,Laramie,LR04,CKC,167,50.09,unk,-28.1180147,-27.180547,10.467621,9.9352435,3.446823845,3.987760994
2016-LR04-CKC-73,2016,8/28/16,Laramie,LR04,CKC,126,20.23,unk,-28.562728,-27.9206722,8.994549,8.1560765,3.308683569,3.885753329
2016-LR04-CKC-66,2016,8/28/16,Laramie,LR04,CKC,119,15.55,unk,-28.6716784,-27.5607427,9.318582,8.4605325,3.700704905,3.900425534
2016-LR04-CKC-65,2016,8/28/16,Laramie,LR04,CKC,168,55.06,unk,-28.5381596,-27.443433,11.039192,10.2116575,3.44815691,3.964558752
2016-LR04-CKC-64,2016,8/28/16,Laramie,LR04,CKC,151,37.03,unk,-28.9399931,-27.2462685,10.665819,9.6508175,3.491503534,4.06138809
2016-LR04-JDT-79,2016,8/26/16,Laramie,LR04,JDT,59,1.63,unk,-28.5415432,-27.726541,10.072657,9.3613795,3.699340775,3.817182099
2016-LR04-JDT-81,2016,8/26/16,Laramie,LR04,JDT,55,1.25,unk,-27.5135825,-26.7598428,9.68668,9.0838098,3.296845987,3.74920798
2016-LR04-JDT-80,2016,8/26/16,Laramie,LR04,JDT,60,1.81,unk,-28.3448272,-27.8225955,10.331683,9.8846655,3.444308856,3.469161312
2016-LR04-JDT-78,2016,8/26/16,Laramie,LR04,JDT,51,0.96,unk,-28.6061064,-28.5071102,10.165666,9.7510506,3.766167126,3.661940054
2016-LR04-CKC-05,2016,8/28/16,Laramie,LR04,CKC,110,14,unk,-25.7795645,-24.5870755,9.116137,9.1019955,3.291365791,3.637868882
2016-LR04-CKC-04,2016,8/28/16,Laramie,LR04,CKC,137,23,unk,-28.2828173,-26.9925266,10.294448,9.1445615,3.446383335,3.607443022
2016-LR04-CKC-03,2016,8/28/16,Laramie,LR04,CKC,143,33,unk,-26.1110085,-25.5941311,9.38692,9.011909,3.279082435,3.314288905
2016-LR04-CKC-16,2016,8/28/16,Laramie,LR04,CKC,106,13,unk,-25.877583,-25.1118364,9.270014,8.8175695,3.346913391,3.584856221
2016-LR04-FHM-104,2016,8/26/16,Laramie,LR04,FHM,69,2.89,unk,-30.158221,-28.4433667,7.60693,7.272325,3.504443799,4.260224051
2016-LR04-FHM-105,2016,8/26/16,Laramie,LR04,FHM,57,2.16,unk,-30.2795664,-29.8821178,8.22404,7.3834215,3.652384428,4.61479145
2016-LR04-FHM-106,2016,8/26/16,Laramie,LR04,FHM,47,1.12,unk,-30.0522234,-29.1268261,8.19475,7.496591,3.690807961,4.384627061
2016-LR04-CSH-31,2016,8/28/16,Laramie,LR04,CSH,101,NA,unk,-27.2488315,-25.9985711,9.057184,8.7114105,3.527357032,3.825060616
2016-LR04-LND-42,2016,8/28/16,Laramie,LR04,LND,76,2,unk,-27.7819168,-28.6334977,8.567507,8.620274,3.447709766,4.935669363
2016-LR04-LNS-46,2016,8/28/16,Laramie,LR04,LNS,126,18,unk,-26.2665287,-25.6194086,7.960116,7.085976,3.28484215,3.351342142
2016-LR04-LNS-48,2016,8/28/16,Laramie,LR04,LNS,197,78,unk,-26.786369,-25.8570171,7.760917,7.324333,3.355433815,3.405434616
2016-LR04-LNS-49,2016,8/28/16,Laramie,LR04,LNS,135,18,unk,-26.1841274,-25.3545004,7.836993,7.0589355,3.48030662,3.60746536
2016-LR08-BMS-84,2016,9/2/16,Laramie,LR08,BMS,65,2.4,unk,-28.0299139,-27.5819537,12.711609,12.1525645,4.037357803,4.182776181
2016-LR08-BMS-85,2016,9/2/16,Laramie,LR08,BMS,55,1.63,unk,-28.1767554,-28.0573685,11.422983,11.1110045,4.107075249,4.101566886
2016-LR08-BMS-86,2016,9/2/16,Laramie,LR08,BMS,57,1.62,unk,-27.5833132,-27.220991,11.92708,11.4535175,3.822411138,4.106961693
2016-LR08-BMS-91,2016,9/2/16,Laramie,LR08,BMS,56,1.61,unk,-27.1459918,-26.5631931,11.838134,10.9480115,3.913818717,4.523815491
2016-LR08-BMS-92,2016,9/2/16,Laramie,LR08,BMS,40,0.45,unk,-26.4603939,-25.8144625,11.405394,10.805547,3.816432712,4.611185924
2016-LR05-BMN-90,2016,8/26/16,Laramie,LR05,BMN,76,4.35,unk,-30.4702072,-28.9578406,10.429957,9.6251941,4.502488858,4.155306749
2016-LR05-BMN-88,2016,8/26/16,Laramie,LR05,BMN,68,3.12,unk,-31.021012,-29.122923,10.659033,10.2056561,4.742466659,4.01856724
2016-LR05-BMN-91,2016,8/26/16,Laramie,LR05,BMN,65,2.83,unk,-31.5940104,-29.523583,10.855268,10.1826814,4.725520266,4.015569371
2016-LR05-BMN-92,2016,8/26/16,Laramie,LR05,BMN,71,3.02,unk,-30.7799088,-29.2829724,10.393715,10.0973349,4.343715413,4.102652041
2016-LR07-BMN-65,2016,8/30/16,Laramie,LR07,BMN,46,1.56,unk,-28.0401726,-26.1222484,9.50763,9.027953,3.273877648,3.413313773
2016-LR07-BMN-66,2016,8/30/16,Laramie,LR07,BMN,44,1.52,unk,-27.2317188,-26.616489,9.66838,9.1689257,3.361803495,3.854229987
2016-LR05-CSH-52,2016,8/26/16,Laramie,LR05,CSH,114,14.97,unk,-28.5391769,-26.072925,9.022177,9.1248463,3.342415786,3.48444661
2016-LR08-RSH-74,2016,9/2/16,Laramie,LR08,RSH,66,3.3,unk,-27.4542812,-26.5756646,11.298965,11.2144351,4.128724761,3.758083112
2016-LR08-RSH-77,2016,9/2/16,Laramie,LR08,RSH,41,0.98,unk,-26.7213825,-25.821275,11.533004,11.4101095,3.691107166,3.864678662
2016-LR08-RSH-76,2016,9/2/16,Laramie,LR08,RSH,51,1.24,unk,-27.406168,-26.757413,11.904264,11.4213174,4.213854751,4.585649147
2016-LR08-SDS-78,2016,9/2/16,Laramie,LR08,SDS,61,1.88,unk,-28.0262175,-26.9959772,11.552017,11.8378587,4.057708251,4.125724076
2016-LR08-SDS-79,2016,9/2/16,Laramie,LR08,SDS,56,2.03,unk,-29.0235565,-28.6437814,11.854229,11.0836892,4.248325349,4.66657065
2016-LR08-SDS-80,2016,9/2/16,Laramie,LR08,SDS,60,1.83,unk,-27.260512,-26.515829,12.001332,12.2084506,3.971792491,4.339290222
2016-MB03-CKC-11,2016,8/25/16,MedBow,MB03,CKC,62,3.8,YOY,-27.5990517,-26.6406474,10.265964,9.4994338,3.662078654,3.541444962
2016-MB03-CKC-10,2016,8/25/16,MedBow,MB03,CKC,90,NA,YOY,-27.6496567,-26.3306146,11.103032,10.1237463,3.539622846,3.437025342
2016-MB03-CKC-07,2016,8/25/16,MedBow,MB03,CKC,74,NA,YOY,-26.9988764,-26.8017034,10.152463,9.7831214,3.397972675,3.542268522
2016-MB02-LNS-05,2016,8/24/16,MedBow,MB02,LNS,220,120.17,unk,-25.59813,-24.6031084,7.62099,7.1331408,3.411064362,3.567312131
2016-MB03-JDT-02,2016,8/25/16,MedBow,MB03,JDT,48,1.13,unk,-28.6485994,-27.8573466,11.344222,10.5840103,3.651001318,3.395376577
2016-MB03-JDT-01,2016,8/25/16,MedBow,MB03,JDT,33,0.28,unk,-28.0444209,-27.3120496,10.73573,10.1347342,3.477921415,3.567287221
2016-MB03-JDT-03,2016,8/25/16,MedBow,MB03,JDT,50,1.1,unk,-27.8844639,-26.9269016,10.827388,9.868881,3.630890965,3.493975852
2016-MB03-JDT-04,2016,8/25/16,MedBow,MB03,JDT,30,0.17,unk,-27.8864881,-27.3382212,10.596332,9.955847,3.639682114,3.412139398
2016-MB03-JDT-05,2016,8/25/16,MedBow,MB03,JDT,46,0.9,unk,-27.7407457,-26.515829,10.941902,9.9555922,3.708826603,3.407237504
2016-MB03-JDT-07,2016,8/25/16,MedBow,MB03,JDT,37,0.4,unk,-28.3186548,-27.3784852,11.816466,11.0498277,3.488333291,3.410270399
2016-MB04-JDT-01,2016,8/25/16,MedBow,MB04,JDT,55,1.14,unk,-27.7692672,-27.0674458,11.855615,10.9498366,3.594211463,3.450947543
2016-MB04-JDT-02,2016,8/25/16,MedBow,MB04,SDS,51,1.5,unk,-28.3354224,-26.9191622,11.056112,9.9301797,4.012684843,3.508678985
2016-MB04-JDT-04,2016,8/25/16,MedBow,MB04,JDT,54,1.39,unk,-27.7003968,-26.812776,11.175636,10.1891148,3.601654707,3.505066919
2016-MB04-JDT-05,2016,8/25/16,MedBow,MB04,JDT,51,1.41,unk,-27.7074864,-26.6889642,11.312234,9.9908926,3.653351323,3.556364437
2016-MB04-JDT-06,2016,8/25/16,MedBow,MB04,JDT,50,1.1,unk,-28.0052496,-26.883238,11.651722,10.3175329,3.682068991,3.539839678
2016-MB04-SDS-01,2016,8/25/16,MedBow,MB04,SDS,64,2.23,unk,-27.5960784,-26.6406474,11.399617,10.6791347,3.686600391,3.752855575
2016-MB04-SDS-02,2016,8/25/16,MedBow,MB04,SDS,46,0.75,unk,-27.82092,-29.7641272,10.663392,9.6862281,3.813928082,6.36678069
2016-MB04-SDS-03,2016,8/25/16,MedBow,MB04,SDS,45,0.84,unk,-27.9926063,-27.8435344,10.931286,9.5853392,3.803933602,4.292614978
2016-MB04-SDS-04,2016,8/25/16,MedBow,MB04,SDS,40,0.47,unk,-27.2073719,-26.042727,10.596789,9.3785669,3.655393653,3.577611878
2016-MB04-SDS-05,2016,8/25/16,MedBow,MB04,SDS,54,1.44,unk,-27.3156452,-25.6129088,11.587301,10.1736913,3.594123601,3.623298014
2016-MB04-SDS-06,2016,8/25/16,MedBow,MB04,SDS,52,1.33,unk,-28.4782272,-27.537528,11.164588,9.896996,3.686367472,3.769795193
2016-LR07-WHS-32,2017,8/30/16,Laramie,LR07,WHS,40,0.62,YOY,-26.2905905,-25.710549,9.620256,10.3884548,3.347496328,3.608596045
2016-MB04-SDS-08,2016,8/25/16,MedBow,MB04,SDS,55,1.65,unk,-27.874214,-26.8711588,10.948261,10.1357331,3.785572128,3.742586293
2016-MB04-SDS-09,2016,8/25/16,MedBow,MB04,SDS,65,1.6,unk,-28.3992288,-29.5446884,10.801999,9.4564811,3.749621023,5.386428122
2016-MB04-WAE-01,2016,8/25/16,MedBow,MB04,WAE,120,14.11,unk,-26.917136,-27.3090298,14.486311,11.6478388,3.304499843,3.805029109
2016-MB04-WAE-02,2016,8/25/16,MedBow,MB04,WAE,118,12.66,unk,-26.1946432,-27.9482208,14.153922,10.8319664,3.324188375,3.960543509
2016-LR08-RSH-75,2017,9/2/16,Laramie,LR08,RSH,62,2.37,unk,-27.3322648,-26.534888,12.008958,11.67373,4.064853845,4.064853845
2016-LR08-RSH-64,2016,9/2/16,Laramie,LR08,RSH,66,2,unk,-26.9531064,-26.2548392,11.861752,11.493938,3.780129801,3.780129801
2016-MB04-LND-10,2016,8/25/16,MedBow,MB04,LND,87,6.45,unk,-27.9735142,-28.143734,11.39827,10.12841,3.248493,4.379762555
2016-LR08-BMS-87,2016,9/2/16,Laramie,LR08,BMS,49,1.07,unk,-28.6851308,-27.939283,12.668635,11.982832,4.077600739,3.995041923
2016-LR08-BMS-88,2016,9/2/16,Laramie,LR08,BMS,54,1.62,unk,-28.7165245,-28.012737,11.559301,11.158372,4.242048595,4.594996428
2016-LR08-BMS-81,2016,9/2/16,Laramie,LR08,BMS,61,2.03,unk,-27.4547003,-26.927371,12.345829,11.946267,3.81360318,3.934201115
2016-LR05-CKC-66,2016,8/26/16,Laramie,LR05,CKC,149,33.27,unk,-27.6510332,-25.646263,11.956397,10.692736,4.323097666,4.466092738
2016-LR06-FHM-45,2016,8/30/16,Laramie,LR06,FHM,57,1.95,unk,-28.960828,-27.526318,11.784382,10.838261,3.308680673,3.8373626
2016-LR06-FHM-46,2016,8/30/16,Laramie,LR06,FHM,60,2.62,unk,-28.960828,-27.28372,11.461996,10.223626,3.272710712,3.4254758
2016-LR06-FHM-47,2016,8/30/16,Laramie,LR06,FHM,63,2.67,unk,-28.085404,-26.182336,11.967602,10.8376229,3.466964724,3.9586738
2016-LR05-FHM-19,2016,8/26/16,Laramie,LR05,FHM,61,2.79,unk,-29.5259579,-28.127362,10.90706,10.0282636,3.564618833,3.7563542
2016-LR05-FHM-20,2016,8/26/16,Laramie,LR05,FHM,61,2.56,unk,-29.726366,-28.410238,10.088242,9.1836263,3.74645558,3.325437
2016-LR05-FHM-21,2016,8/26/16,Laramie,LR05,FHM,64,1.81,unk,-29.2695983,-27.63725,9.781936,8.8279372,3.536429442,3.4825483
2016-LR07-CKC-15,2017,8/30/16,Laramie,LR07,CKC,75,10,unk,-25.1760248,-24.198636,10.737127,10.318374,3.241112983,3.925958007
2016-LR07-RDH-34,2016,8/30/16,Laramie,LR07,RDH,276,279.13,unk,-25.1931744,-24.2194836,9.319428,8.5344156,3.222207389,3.228009779
2016-LR08-RSH-18,2016,9/2/16,Laramie,LR08,RSH,54,1,unk,-28.14254,-27.437272,11.646083,11.128722,3.747885865,3.5983828
2016-LR08-RSH-19,2016,9/2/16,Laramie,LR08,RSH,56,1,unk,-29.7963425,-28.913737,11.796188,11.284636,4.390478328,3.2838472
2016-LR08-RSH-61,2016,9/2/16,Laramie,LR08,RSH,53,1,unk,-27.5309196,-27.104822,11.885786,11.492727,3.969399928,3.847193
2016-LR08-RSH-62,2016,9/2/16,Laramie,LR08,RSH,72,3,unk,-27.617642,-27.027212,11.354042,10.839723,3.923931272,3.4972729
2017-LR06-HHC-64,2017,8/23/17,Laramie,LR06,HHC,129,29.3,unk,-26.1220105,-26.013546,12.266749,11.895644,4.18286103,3.9463543
BH-124,2016,8/8/16,Laramie,LR06,HHC,57,NA,NA,-27.4,-27.033445,11.2,10.687889,4.3,4.135645
BH-125,2016,8/8/16,Laramie,LR06,HHC,68,NA,NA,-27.3,-26.934528,11.2,10.7035556,4.1,4.0023658
BH-126,2016,8/8/16,Laramie,LR06,HHC,69,NA,NA,-26.9,-26.712699,11.4,10.873112,4,3.9558331
BH-52,2016,8/8/16,Laramie,LR06,HHC,92,NA,NA,-26.3,-26.511565,11.6,11.128731,3.3,3.6648251
BH-127,2016,8/8/16,Laramie,LR06,HHC,92,NA,NA,-26.3,-26.49745,11.7,11.397846,3.4,3.165432
BH-53,2016,8/8/16,Laramie,LR06,HHC,122,NA,NA,-25.2,-24.95664,11.5,11.213463,3.3,3.695713
BH-57,2016,8/31/16,Laramie,LR067,HHC,131,NA,NA,-25.7,-25.125787,12,11.758713,3.3,3.338413
BH-58,2016,8/31/16,Laramie,LR067,HHC,167,NA,NA,-25.5,-25.638188,12.1,11.7369988,3.3,3.4688522
BH-13-17,2017,8/30/17,Laramie,LR067,HHC,152,32.3,NA,-24.012903,-23.757336,11.8701708,11.411588,3.257734974,3.1255488
BH-14-17,2017,8/30/17,Laramie,LR067,HHC,140,30.7,NA,-24.0676536,-23.67741,12.1040964,11.63887,3.238739191,3.3698525
BH-15-17,2017,8/30/17,Laramie,LR067,HHC,144,28.3,NA,-23.759428,-23.1348844,11.9609178,11.248963,3.212242028,3.3848415
BH-50-17,2017,9/12/17,Laramie,LR06,HHC,42,0.8,NA,-24.8148979,-24.133664,9.817272,9.2589874,4.422154987,4.1258584
BH-51-17,2017,9/12/17,Laramie,LR06,HHC,54,1.9,NA,-24.9325103,-24.482145,11.2258671,10.688223,4.819050127,4.584165
BH-52-17,2017,9/12/17,Laramie,LR06,HHC,62,2.7,NA,-24.4417827,-24.139585,11.1411699,10.7734132,4.288958792,4.598815
BH-53-17,2017,9/12/17,Laramie,LR06,HHC,121,23.5,NA,-24.5857565,-24.33348,12.0889719,11.812234,3.39665241,3.988741